Legislation Number,URL,Congress,Bill Text Type,Bill Text Type Code,Latest Title,HTML Url,PDF Url
S. 1595,https://www.congress.gov/bill/118th-congress/senate-bill/1595,118,Introduced in Senate,IS,End Taxpayer Funding of Gender Experimentation Act of 2023,https://www.congress.gov/118/bills/s1595/generated/BILLS-118s1595is.html,https://www.congress.gov/118/bills/s1595/BILLS-118s1595is.pdf
S. 435,https://www.congress.gov/bill/118th-congress/senate-bill/435,118,Introduced in Senate,IS,Ensuring Military Readiness Act of 2023,https://www.congress.gov/118/bills/s435/generated/BILLS-118s435is.html,https://www.congress.gov/118/bills/s435/BILLS-118s435is.pdf
S. 1597,https://www.congress.gov/bill/118th-congress/senate-bill/1597,118,Introduced in Senate,IS,Protecting Children From Experimentation Act of 2023,https://www.congress.gov/118/bills/s1597/generated/BILLS-118s1597is.html,https://www.congress.gov/118/bills/s1597/BILLS-118s1597is.pdf
S. 5,https://www.congress.gov/bill/118th-congress/senate-bill/5,118,Introduced in Senate,IS,Equality Act,https://www.congress.gov/118/bills/s5/generated/BILLS-118s5is.html,https://www.congress.gov/118/bills/s5/BILLS-118s5is.pdf
S. 187,https://www.congress.gov/bill/118th-congress/senate-bill/187,118,Introduced in Senate,IS,No Tax Breaks for Radical Corporate Activism Act of 2023,https://www.congress.gov/118/bills/s187/generated/BILLS-118s187is.html,https://www.congress.gov/118/bills/s187/BILLS-118s187is.pdf
S. 1709,https://www.congress.gov/bill/118th-congress/senate-bill/1709,118,Introduced in Senate,IS,Empower Parents to Protect Their Kids Act of 2023,https://www.congress.gov/118/bills/s1709/generated/BILLS-118s1709is.html,https://www.congress.gov/118/bills/s1709/BILLS-118s1709is.pdf
S. 2279,https://www.congress.gov/bill/118th-congress/senate-bill/2279,118,Introduced in Senate,IS,LGBTQ+ Panic Defense Prohibition Act of 2023,https://www.congress.gov/118/bills/s2279/generated/BILLS-118s2279is.html,https://www.congress.gov/118/bills/s2279/BILLS-118s2279is.pdf
S. 457,https://www.congress.gov/bill/118th-congress/senate-bill/457,118,Introduced in Senate,IS,Protecting Our Kids from Child Abuse Act,https://www.congress.gov/118/bills/s457/generated/BILLS-118s457is.html,https://www.congress.gov/118/bills/s457/BILLS-118s457is.pdf
S.Res. 144,https://www.congress.gov/bill/118th-congress/senate-resolution/144,118,Introduced in Senate,IS,"A resolution recognizing that it is the duty of the Federal Government to develop and implement a Transgender Bill of Rights to protect and codify the rights of transgender and nonbinary people under the law and ensure their access to medical care, shelter, safety, and economic safety.",https://www.congress.gov/118/bills/sres144/generated/BILLS-118sres144is.html,https://www.congress.gov/118/bills/sres144/BILLS-118sres144is.pdf
S. 1839,https://www.congress.gov/bill/118th-congress/senate-bill/1839,118,Introduced in Senate,IS,LGBTQI+ Data Inclusion Act,https://www.congress.gov/118/bills/s1839/generated/BILLS-118s1839is.html,https://www.congress.gov/118/bills/s1839/BILLS-118s1839is.pdf
S. 2145,https://www.congress.gov/bill/118th-congress/senate-bill/2145,118,Introduced in Senate,IS,Patsy T. Mink and Louise M. Slaughter Gender Equity in Education Act of 2023,https://www.congress.gov/118/bills/s2145/generated/BILLS-118s2145is.html,https://www.congress.gov/118/bills/s2145/BILLS-118s2145is.pdf
S. 2176,https://www.congress.gov/bill/118th-congress/senate-bill/2176,118,Introduced in Senate,IS,Therapeutic Fraud Prevention Act of 2023,https://www.congress.gov/118/bills/s2176/generated/BILLS-118s2176is.html,https://www.congress.gov/118/bills/s2176/BILLS-118s2176is.pdf
S. 1163,https://www.congress.gov/bill/118th-congress/senate-bill/1163,118,Introduced in Senate,IS,Aviation Minority Workforce Development Act of 2023,https://www.congress.gov/118/bills/s1163/generated/BILLS-118s1163is.html,https://www.congress.gov/118/bills/s1163/BILLS-118s1163is.pdf
S. 200,https://www.congress.gov/bill/118th-congress/senate-bill/200,118,Introduced in Senate,IS,PROTECT Kids Act,https://www.congress.gov/118/bills/s200/generated/BILLS-118s200is.html,https://www.congress.gov/118/bills/s200/BILLS-118s200is.pdf
S. 1007,https://www.congress.gov/bill/118th-congress/senate-bill/1007,118,Introduced in Senate,IS,International Human Rights Defense Act of 2023,https://www.congress.gov/118/bills/s1007/generated/BILLS-118s1007is.html,https://www.congress.gov/118/bills/s1007/BILLS-118s1007is.pdf
S. 3011,https://www.congress.gov/bill/118th-congress/senate-bill/3011,118,Introduced in Senate,IS,Passport Sanity Act,https://www.congress.gov/118/bills/s3011/generated/BILLS-118s3011is.html,https://www.congress.gov/118/bills/s3011/BILLS-118s3011is.pdf
S. 2658,https://www.congress.gov/bill/118th-congress/senate-bill/2658,118,Introduced in Senate,IS,Fair Calculations in Civil Damages Act of 2023,https://www.congress.gov/118/bills/s2658/generated/BILLS-118s2658is.html,https://www.congress.gov/118/bills/s2658/BILLS-118s2658is.pdf
S. 1697,https://www.congress.gov/bill/118th-congress/senate-bill/1697,118,Introduced in Senate,IS,Real Education and Access for Healthy Youth Act of 2023,https://www.congress.gov/118/bills/s1697/generated/BILLS-118s1697is.html,https://www.congress.gov/118/bills/s1697/BILLS-118s1697is.pdf
S.Res. 282,https://www.congress.gov/bill/118th-congress/senate-resolution/282,118,Introduced in Senate,IS,"A resolution recognizing June 2023 as ""LGBTQ Pride Month"".",https://www.congress.gov/118/bills/sres282/generated/BILLS-118sres282is.html,https://www.congress.gov/118/bills/sres282/BILLS-118sres282is.pdf
S. 2394,https://www.congress.gov/bill/118th-congress/senate-bill/2394,118,Introduced in Senate,IS,GUARD Act,https://www.congress.gov/118/bills/s2394/generated/BILLS-118s2394is.html,https://www.congress.gov/118/bills/s2394/BILLS-118s2394is.pdf
S. 1959,https://www.congress.gov/bill/118th-congress/senate-bill/1959,118,Introduced in Senate,IS,Jury ACCESS Act of 2023,https://www.congress.gov/118/bills/s1959/generated/BILLS-118s1959is.html,https://www.congress.gov/118/bills/s1959/BILLS-118s1959is.pdf
S. 2357,https://www.congress.gov/bill/118th-congress/senate-bill/2357,118,Introduced in Senate,IS,Protect Children’s Innocence Act,https://www.congress.gov/118/bills/s2357/generated/BILLS-118s2357is.html,https://www.congress.gov/118/bills/s2357/BILLS-118s2357is.pdf
S. 3035,https://www.congress.gov/bill/118th-congress/senate-bill/3035,118,Introduced in Senate,IS,Protecting Our Kids from Harmful Research Act,https://www.congress.gov/118/bills/s3035/generated/BILLS-118s3035is.html,https://www.congress.gov/118/bills/s3035/BILLS-118s3035is.pdf
S.Res. 99,https://www.congress.gov/bill/118th-congress/senate-resolution/99,118,Reported to Senate,RS,A resolution supporting the goals of International Women's Day.,https://www.congress.gov/118/bills/sres99/generated/BILLS-118sres99rs.html,https://www.congress.gov/118/bills/sres99/BILLS-118sres99rs.pdf
S. 1966,https://www.congress.gov/bill/118th-congress/senate-bill/1966,118,Introduced in Senate,IS,Junior Reserve Officers' Training Corps Safety Act of 2023,https://www.congress.gov/118/bills/s1966/generated/BILLS-118s1966is.html,https://www.congress.gov/118/bills/s1966/BILLS-118s1966is.pdf
S. 1924,https://www.congress.gov/bill/118th-congress/senate-bill/1924,118,Introduced in Senate,IS,GLOBE Act of 2023,https://www.congress.gov/118/bills/s1924/generated/BILLS-118s1924is.html,https://www.congress.gov/118/bills/s1924/BILLS-118s1924is.pdf
S.Res. 99,https://www.congress.gov/bill/118th-congress/senate-resolution/99,118,Introduced in Senate,IS,A resolution supporting the goals of International Women's Day.,https://www.congress.gov/118/bills/sres99/generated/BILLS-118sres99is.html,https://www.congress.gov/118/bills/sres99/BILLS-118sres99is.pdf
S. 2007,https://www.congress.gov/bill/118th-congress/senate-bill/2007,118,Introduced in Senate,IS,Improving Corporate Governance Through Diversity Act of 2023,https://www.congress.gov/118/bills/s2007/generated/BILLS-118s2007is.html,https://www.congress.gov/118/bills/s2007/BILLS-118s2007is.pdf
S. 437,https://www.congress.gov/bill/118th-congress/senate-bill/437,118,Introduced in Senate,IS,Bicycles for Rural African Transport Act,https://www.congress.gov/118/bills/s437/generated/BILLS-118s437is.html,https://www.congress.gov/118/bills/s437/BILLS-118s437is.pdf
S. 2246,https://www.congress.gov/bill/118th-congress/senate-bill/2246,118,Introduced in Senate,IS,Gender-Affirming CARE Act,https://www.congress.gov/118/bills/s2246/generated/BILLS-118s2246is.html,https://www.congress.gov/118/bills/s2246/BILLS-118s2246is.pdf
S. 2863,https://www.congress.gov/bill/118th-congress/senate-bill/2863,118,Introduced in Senate,IS,Commission on Equity and Reconciliation in the Uniformed Services Act,https://www.congress.gov/118/bills/s2863/generated/BILLS-118s2863is.html,https://www.congress.gov/118/bills/s2863/BILLS-118s2863is.pdf
S.Res. 134,https://www.congress.gov/bill/118th-congress/senate-resolution/134,118,Introduced in Senate,IS,"A resolution supporting the goals and ideals of the Rise Up for LGBTQI+ Youth in Schools Initiative, a call to action to communities across the country to demand equal educational opportunity, basic civil rights protections, and freedom from erasure for all students, particularly LGBTQI+ young people, in K-12 schools.",https://www.congress.gov/118/bills/sres134/generated/BILLS-118sres134is.html,https://www.congress.gov/118/bills/sres134/BILLS-118sres134is.pdf
S. 1960,https://www.congress.gov/bill/118th-congress/senate-bill/1960,118,Introduced in Senate,IS,Global Respect Act of 2023,https://www.congress.gov/118/bills/s1960/generated/BILLS-118s1960is.html,https://www.congress.gov/118/bills/s1960/BILLS-118s1960is.pdf
S.Res. 24,https://www.congress.gov/bill/118th-congress/senate-resolution/24,118,Introduced in Senate,IS,"A resolution supporting the observation of ""National Girls & Women in Sports Day"" on February 1, 2023, to raise awareness of and celebrate the achievements of girls and women in sports.",https://www.congress.gov/118/bills/sres24/generated/BILLS-118sres24is.html,https://www.congress.gov/118/bills/sres24/BILLS-118sres24is.pdf
S. 2030,https://www.congress.gov/bill/118th-congress/senate-bill/2030,118,Introduced in Senate,IS,Hate Crimes Commission Act of 2023,https://www.congress.gov/118/bills/s2030/generated/BILLS-118s2030is.html,https://www.congress.gov/118/bills/s2030/BILLS-118s2030is.pdf
S. 3125,https://www.congress.gov/bill/118th-congress/senate-bill/3125,118,Introduced in Senate,IS,Runaway and Homeless Youth and Trafficking Prevention Act of 2023,https://www.congress.gov/118/bills/s3125/generated/BILLS-118s3125is.html,https://www.congress.gov/118/bills/s3125/BILLS-118s3125is.pdf
S. 100,https://www.congress.gov/bill/118th-congress/senate-bill/100,118,Introduced in Senate,IS,Better Care Better Jobs Act,https://www.congress.gov/118/bills/s100/generated/BILLS-118s100is.html,https://www.congress.gov/118/bills/s100/BILLS-118s100is.pdf
S.Res. 269,https://www.congress.gov/bill/118th-congress/senate-resolution/269,118,Introduced in Senate,IS,"A resolution designating July 22, 2023, as ""National Day of the American Cowboy"".",https://www.congress.gov/118/bills/sres269/generated/BILLS-118sres269is.html,https://www.congress.gov/118/bills/sres269/BILLS-118sres269is.pdf
S.Con.Res. 21,https://www.congress.gov/bill/118th-congress/senate-concurrent-resolution/21,118,Introduced in Senate,IS,A concurrent resolution recognizing the significance of equal pay and the disparity in wages paid to Latina women in comparison to men.,https://www.congress.gov/118/bills/sconres21/generated/BILLS-118sconres21is.html,https://www.congress.gov/118/bills/sconres21/BILLS-118sconres21is.pdf
S.Res. 464,https://www.congress.gov/bill/118th-congress/senate-resolution/464,118,Introduced in Senate,IS,A resolution supporting the goals and principles of Transgender Day of Remembrance by recognizing the epidemic of violence toward transgender people and memorializing the lives lost this year.,https://www.congress.gov/118/bills/sres464/generated/BILLS-118sres464is.html,https://www.congress.gov/118/bills/sres464/BILLS-118sres464is.pdf
S.Res. 269,https://www.congress.gov/bill/118th-congress/senate-resolution/269,118,Agreed to Senate,ATS,"A resolution designating July 22, 2023, as ""National Day of the American Cowboy"".",https://www.congress.gov/118/bills/sres269/generated/BILLS-118sres269ats.html,https://www.congress.gov/118/bills/sres269/BILLS-118sres269ats.pdf
S. 1773,https://www.congress.gov/bill/118th-congress/senate-bill/1773,118,Introduced in Senate,IS,Stop Mental Health Stigma in Our Communities Act,https://www.congress.gov/118/bills/s1773/generated/BILLS-118s1773is.html,https://www.congress.gov/118/bills/s1773/BILLS-118s1773is.pdf
S. 848,https://www.congress.gov/bill/118th-congress/senate-bill/848,118,Introduced in Senate,IS,PROSPECT Act,https://www.congress.gov/118/bills/s848/generated/BILLS-118s848is.html,https://www.congress.gov/118/bills/s848/BILLS-118s848is.pdf
S. 2554,https://www.congress.gov/bill/118th-congress/senate-bill/2554,118,Introduced in Senate,IS,College Athlete Economic Freedom Act,https://www.congress.gov/118/bills/s2554/generated/BILLS-118s2554is.html,https://www.congress.gov/118/bills/s2554/BILLS-118s2554is.pdf
S. 1393,https://www.congress.gov/bill/118th-congress/senate-bill/1393,118,Introduced in Senate,IS,Sunlight in Workplace Harassment Act,https://www.congress.gov/118/bills/s1393/generated/BILLS-118s1393is.html,https://www.congress.gov/118/bills/s1393/BILLS-118s1393is.pdf
S. 2532,https://www.congress.gov/bill/118th-congress/senate-bill/2532,118,Introduced in Senate,IS,A bill to require the Secretary of Defense to submit an annual report on certain out-of-cycle or premature personnel transfers.,https://www.congress.gov/118/bills/s2532/generated/BILLS-118s2532is.html,https://www.congress.gov/118/bills/s2532/BILLS-118s2532is.pdf
S. 2476,https://www.congress.gov/bill/118th-congress/senate-bill/2476,118,Introduced in Senate,IS,Mental Health for Latinos Act of 2023,https://www.congress.gov/118/bills/s2476/generated/BILLS-118s2476is.html,https://www.congress.gov/118/bills/s2476/BILLS-118s2476is.pdf
S. 2325,https://www.congress.gov/bill/118th-congress/senate-bill/2325,118,Introduced in Senate,IS,Algorithmic Justice and Online Platform Transparency Act,https://www.congress.gov/118/bills/s2325/generated/BILLS-118s2325is.html,https://www.congress.gov/118/bills/s2325/BILLS-118s2325is.pdf
S. 3105,https://www.congress.gov/bill/118th-congress/senate-bill/3105,118,Introduced in Senate,IS,Safe Schools Improvement Act,https://www.congress.gov/118/bills/s3105/generated/BILLS-118s3105is.html,https://www.congress.gov/118/bills/s3105/BILLS-118s3105is.pdf
S. 1285,https://www.congress.gov/bill/118th-congress/senate-bill/1285,118,Introduced in Senate,IS,School Shooting Safety and Preparedness Act,https://www.congress.gov/118/bills/s1285/generated/BILLS-118s1285is.html,https://www.congress.gov/118/bills/s1285/BILLS-118s1285is.pdf
S. 2483,https://www.congress.gov/bill/118th-congress/senate-bill/2483,118,Introduced in Senate,IS,Strengthening Consumer Protections and Medical Debt Transparency Act,https://www.congress.gov/118/bills/s2483/generated/BILLS-118s2483is.html,https://www.congress.gov/118/bills/s2483/BILLS-118s2483is.pdf
S. 801,https://www.congress.gov/bill/118th-congress/senate-bill/801,118,Introduced in Senate,IS,CARE for Long COVID Act,https://www.congress.gov/118/bills/s801/generated/BILLS-118s801is.html,https://www.congress.gov/118/bills/s801/BILLS-118s801is.pdf
S.Res. 154,https://www.congress.gov/bill/118th-congress/senate-resolution/154,118,Introduced in Senate,IS,A resolution supporting the goals and ideals of International Transgender Day of Visibility.,https://www.congress.gov/118/bills/sres154/generated/BILLS-118sres154is.html,https://www.congress.gov/118/bills/sres154/BILLS-118sres154is.pdf
S. 2751,https://www.congress.gov/bill/118th-congress/senate-bill/2751,118,Introduced in Senate,IS,Workforce Investment Disclosure Act of 2023,https://www.congress.gov/118/bills/s2751/generated/BILLS-118s2751is.html,https://www.congress.gov/118/bills/s2751/BILLS-118s2751is.pdf
S. 1766,https://www.congress.gov/bill/118th-congress/senate-bill/1766,118,Introduced in Senate,IS,Department of Defense Overdose Data Act of 2023,https://www.congress.gov/118/bills/s1766/generated/BILLS-118s1766is.html,https://www.congress.gov/118/bills/s1766/BILLS-118s1766is.pdf
S. 728,https://www.congress.gov/bill/118th-congress/senate-bill/728,118,Introduced in Senate,IS,Paycheck Fairness Act,https://www.congress.gov/118/bills/s728/generated/BILLS-118s728is.html,https://www.congress.gov/118/bills/s728/BILLS-118s728is.pdf
S. 728,https://www.congress.gov/bill/118th-congress/senate-bill/728,118,Reported to Senate,RS,Paycheck Fairness Act,https://www.congress.gov/118/bills/s728/generated/BILLS-118s728rs.html,https://www.congress.gov/118/bills/s728/BILLS-118s728rs.pdf
S. 2776,https://www.congress.gov/bill/118th-congress/senate-bill/2776,118,Introduced in Senate,IS,Disarm Hate Act,https://www.congress.gov/118/bills/s2776/generated/BILLS-118s2776is.html,https://www.congress.gov/118/bills/s2776/BILLS-118s2776is.pdf
S. 1792,https://www.congress.gov/bill/118th-congress/senate-bill/1792,118,Introduced in Senate,IS,CARE Act of 2023,https://www.congress.gov/118/bills/s1792/generated/BILLS-118s1792is.html,https://www.congress.gov/118/bills/s1792/BILLS-118s1792is.pdf
S. 929,https://www.congress.gov/bill/118th-congress/senate-bill/929,118,Introduced in Senate,IS,Abortion is Health Care Everywhere Act of 2023,https://www.congress.gov/118/bills/s929/generated/BILLS-118s929is.html,https://www.congress.gov/118/bills/s929/BILLS-118s929is.pdf
S. 635,https://www.congress.gov/bill/118th-congress/senate-bill/635,118,Introduced in Senate,IS,Protecting Minors from Medical Malpractice Act of 2023,https://www.congress.gov/118/bills/s635/generated/BILLS-118s635is.html,https://www.congress.gov/118/bills/s635/BILLS-118s635is.pdf
S.Res. 159,https://www.congress.gov/bill/118th-congress/senate-resolution/159,118,Introduced in Senate,IS,"A resolution recognizing the designation of the week of April 11 through April 17, 2023, as the sixth annual ""Black Maternal Health Week"" to bring national attention to the maternal health crisis in the United States and the importance of reducing maternal mortality and morbidity among Black women and birthing persons.",https://www.congress.gov/118/bills/sres159/generated/BILLS-118sres159is.html,https://www.congress.gov/118/bills/sres159/BILLS-118sres159is.pdf
S. 1084,https://www.congress.gov/bill/118th-congress/senate-bill/1084,118,Introduced in Senate,IS,ERRPA,https://www.congress.gov/118/bills/s1084/generated/BILLS-118s1084is.html,https://www.congress.gov/118/bills/s1084/BILLS-118s1084is.pdf
S. 681,https://www.congress.gov/bill/118th-congress/senate-bill/681,118,Introduced in Senate,IS,Facial Recognition and Biometric Technology Moratorium Act of 2023,https://www.congress.gov/118/bills/s681/generated/BILLS-118s681is.html,https://www.congress.gov/118/bills/s681/BILLS-118s681is.pdf
S. 247,https://www.congress.gov/bill/118th-congress/senate-bill/247,118,Introduced in Senate,IS,Extreme Risk Protection Order Expansion Act of 2023,https://www.congress.gov/118/bills/s247/generated/BILLS-118s247is.html,https://www.congress.gov/118/bills/s247/BILLS-118s247is.pdf
S.Res. 306,https://www.congress.gov/bill/118th-congress/senate-resolution/306,118,Introduced in Senate,IS,A resolution recognizing that the United States needs to support and empower mothers in the workforce by investing in the Mom Economy.,https://www.congress.gov/118/bills/sres306/generated/BILLS-118sres306is.html,https://www.congress.gov/118/bills/sres306/BILLS-118sres306is.pdf
S. 1231,https://www.congress.gov/bill/118th-congress/senate-bill/1231,118,Introduced in Senate,IS,SAD Act,https://www.congress.gov/118/bills/s1231/generated/BILLS-118s1231is.html,https://www.congress.gov/118/bills/s1231/BILLS-118s1231is.pdf
S.Res. 276,https://www.congress.gov/bill/118th-congress/senate-resolution/276,118,Introduced in Senate,IS,"A resolution expressing opposition to the use of State power against people in the United States seeking essential health care, including criminalization of the full range of sexual and reproductive health care such as abortion, gender-affirming care, and contraceptive care, and disapproving of State punishment of people for their pregnancy outcomes.",https://www.congress.gov/118/bills/sres276/generated/BILLS-118sres276is.html,https://www.congress.gov/118/bills/sres276/BILLS-118sres276is.pdf
S. 129,https://www.congress.gov/bill/118th-congress/senate-bill/129,118,Introduced in Senate,IS,Korematsu-Takai Civil Liberties Protection Act of 2023,https://www.congress.gov/118/bills/s129/generated/BILLS-118s129is.html,https://www.congress.gov/118/bills/s129/BILLS-118s129is.pdf
S.Res. 270,https://www.congress.gov/bill/118th-congress/senate-resolution/270,118,Introduced in Senate,IS,"A resolution designating July 15, 2023, as ""National Leiomyosarcoma Awareness Day"".",https://www.congress.gov/118/bills/sres270/generated/BILLS-118sres270is.html,https://www.congress.gov/118/bills/sres270/BILLS-118sres270is.pdf
S. 1530,https://www.congress.gov/bill/118th-congress/senate-bill/1530,118,Introduced in Senate,IS,COPS on the Beat Grant Program Parity Act of 2023,https://www.congress.gov/118/bills/s1530/generated/BILLS-118s1530is.html,https://www.congress.gov/118/bills/s1530/BILLS-118s1530is.pdf
S. 570,https://www.congress.gov/bill/118th-congress/senate-bill/570,118,Introduced in Senate,IS,Medicaid Dental Benefit Act of 2023,https://www.congress.gov/118/bills/s570/generated/BILLS-118s570is.html,https://www.congress.gov/118/bills/s570/BILLS-118s570is.pdf
S.Res. 98,https://www.congress.gov/bill/118th-congress/senate-resolution/98,118,Introduced in Senate,IS,"A resolution declaring March 8, 2023, as ""National Emily Warner & Women Airline Pilots Day"".",https://www.congress.gov/118/bills/sres98/generated/BILLS-118sres98is.html,https://www.congress.gov/118/bills/sres98/BILLS-118sres98is.pdf
S. 1530,https://www.congress.gov/bill/118th-congress/senate-bill/1530,118,Reported to Senate,RS,COPS on the Beat Grant Program Parity Act of 2023,https://www.congress.gov/118/bills/s1530/generated/BILLS-118s1530rs.html,https://www.congress.gov/118/bills/s1530/BILLS-118s1530rs.pdf
S. 1317,https://www.congress.gov/bill/118th-congress/senate-bill/1317,118,Introduced in Senate,IS,Anti-Racism in Public Health Act of 2023,https://www.congress.gov/118/bills/s1317/generated/BILLS-118s1317is.html,https://www.congress.gov/118/bills/s1317/BILLS-118s1317is.pdf
S. 1208,https://www.congress.gov/bill/118th-congress/senate-bill/1208,118,Introduced in Senate,IS,Dignity for Detained Immigrants Act of 2023,https://www.congress.gov/118/bills/s1208/generated/BILLS-118s1208is.html,https://www.congress.gov/118/bills/s1208/BILLS-118s1208is.pdf
S. 2440,https://www.congress.gov/bill/118th-congress/senate-bill/2440,118,Introduced in Senate,IS,Exploitative Workplace Surveillance and Technologies Task Force Act of 2023,https://www.congress.gov/118/bills/s2440/generated/BILLS-118s2440is.html,https://www.congress.gov/118/bills/s2440/BILLS-118s2440is.pdf
S. 410,https://www.congress.gov/bill/118th-congress/senate-bill/410,118,Introduced in Senate,IS,Federal Social Media Research Act,https://www.congress.gov/118/bills/s410/generated/BILLS-118s410is.html,https://www.congress.gov/118/bills/s410/BILLS-118s410is.pdf
S. 1925,https://www.congress.gov/bill/118th-congress/senate-bill/1925,118,Introduced in Senate,IS,HERO Act,https://www.congress.gov/118/bills/s1925/generated/BILLS-118s1925is.html,https://www.congress.gov/118/bills/s1925/BILLS-118s1925is.pdf
S. 622,https://www.congress.gov/bill/118th-congress/senate-bill/622,118,Introduced in Senate,IS,Helping Heroes Act of 2023,https://www.congress.gov/118/bills/s622/generated/BILLS-118s622is.html,https://www.congress.gov/118/bills/s622/BILLS-118s622is.pdf
S. 2801,https://www.congress.gov/bill/118th-congress/senate-bill/2801,118,Introduced in Senate,IS,Veteran Families Health Services Act of 2023,https://www.congress.gov/118/bills/s2801/generated/BILLS-118s2801is.html,https://www.congress.gov/118/bills/s2801/BILLS-118s2801is.pdf
S. 2257,https://www.congress.gov/bill/118th-congress/senate-bill/2257,118,Introduced in Senate,IS,Federal Reserve Racial and Economic Equity Act,https://www.congress.gov/118/bills/s2257/generated/BILLS-118s2257is.html,https://www.congress.gov/118/bills/s2257/BILLS-118s2257is.pdf
S. 2593,https://www.congress.gov/bill/118th-congress/senate-bill/2593,118,Introduced in Senate,IS,"Treatment Court, Rehabilitation, and Recovery Act of 2023",https://www.congress.gov/118/bills/s2593/generated/BILLS-118s2593is.html,https://www.congress.gov/118/bills/s2593/BILLS-118s2593is.pdf
S. 1527,https://www.congress.gov/bill/118th-congress/senate-bill/1527,118,Introduced in Senate,IS,Access to Contraception for Servicemembers and Dependents Act of 2023,https://www.congress.gov/118/bills/s1527/generated/BILLS-118s1527is.html,https://www.congress.gov/118/bills/s1527/BILLS-118s1527is.pdf
S. 560,https://www.congress.gov/bill/118th-congress/senate-bill/560,118,Introduced in Senate,IS,SAFE TECH Act,https://www.congress.gov/118/bills/s560/generated/BILLS-118s560is.html,https://www.congress.gov/118/bills/s560/BILLS-118s560is.pdf
S.Res. 239,https://www.congress.gov/bill/118th-congress/senate-resolution/239,118,Agreed to Senate,ATS,"A resolution designating May 2023 as ""ALS Awareness Month"".",https://www.congress.gov/118/bills/sres239/generated/BILLS-118sres239ats.html,https://www.congress.gov/118/bills/sres239/BILLS-118sres239ats.pdf
S.Res. 224,https://www.congress.gov/bill/118th-congress/senate-resolution/224,118,Introduced in Senate,IS,"A resolution designating May 2023 as ""ALS Awareness Month"".",https://www.congress.gov/118/bills/sres224/generated/BILLS-118sres224is.html,https://www.congress.gov/118/bills/sres224/BILLS-118sres224is.pdf
S. 1655,https://www.congress.gov/bill/118th-congress/senate-bill/1655,118,Introduced in Senate,IS,Medicare for All Act,https://www.congress.gov/118/bills/s1655/generated/BILLS-118s1655is.html,https://www.congress.gov/118/bills/s1655/BILLS-118s1655is.pdf
S.Res. 371,https://www.congress.gov/bill/118th-congress/senate-resolution/371,118,Introduced in Senate,IS,"A resolution supporting the designation of the week of September 18 through September 22, 2023, as ""Malnutrition Awareness Week"".",https://www.congress.gov/118/bills/sres371/generated/BILLS-118sres371is.html,https://www.congress.gov/118/bills/sres371/BILLS-118sres371is.pdf
S.Res. 180,https://www.congress.gov/bill/118th-congress/senate-resolution/180,118,Introduced in Senate,IS,"A resolution expressing support for the designation of April 30, 2023, as ""National Adult Hepatitis B Vaccination Awareness Day"".",https://www.congress.gov/118/bills/sres180/generated/BILLS-118sres180is.html,https://www.congress.gov/118/bills/sres180/BILLS-118sres180is.pdf
S. 2813,https://www.congress.gov/bill/118th-congress/senate-bill/2813,118,Introduced in Senate,IS,Hispanic Educational Resources and Empowerment Act of 2023,https://www.congress.gov/118/bills/s2813/generated/BILLS-118s2813is.html,https://www.congress.gov/118/bills/s2813/BILLS-118s2813is.pdf
S. 1605,https://www.congress.gov/bill/118th-congress/senate-bill/1605,118,Introduced in Senate,IS,Maternal Health Pandemic Response Act,https://www.congress.gov/118/bills/s1605/generated/BILLS-118s1605is.html,https://www.congress.gov/118/bills/s1605/BILLS-118s1605is.pdf
S. 1342,https://www.congress.gov/bill/118th-congress/senate-bill/1342,118,Introduced in Senate,IS,Smart Sentencing Adjustments Act,https://www.congress.gov/118/bills/s1342/generated/BILLS-118s1342is.html,https://www.congress.gov/118/bills/s1342/BILLS-118s1342is.pdf
S.Res. 13,https://www.congress.gov/bill/118th-congress/senate-resolution/13,118,Agreed to Senate,ATS,"A resolution raising awareness and encouraging the prevention of stalking by designating January 2023 as ""National Stalking Awareness Month"".",https://www.congress.gov/118/bills/sres13/generated/BILLS-118sres13ats.html,https://www.congress.gov/118/bills/sres13/BILLS-118sres13ats.pdf
S.Res. 13,https://www.congress.gov/bill/118th-congress/senate-resolution/13,118,Held at Desk Senate,HDS,"A resolution raising awareness and encouraging the prevention of stalking by designating January 2023 as ""National Stalking Awareness Month"".",https://www.congress.gov/118/bills/sres13/generated/BILLS-118sres13hds.html,https://www.congress.gov/118/bills/sres13/BILLS-118sres13hds.pdf
S. 1618,https://www.congress.gov/bill/118th-congress/senate-bill/1618,118,Introduced in Senate,IS,Employee Equity Investment Act of 2023,https://www.congress.gov/118/bills/s1618/generated/BILLS-118s1618is.html,https://www.congress.gov/118/bills/s1618/BILLS-118s1618is.pdf
S. 2904,https://www.congress.gov/bill/118th-congress/senate-bill/2904,118,Introduced in Senate,IS,AACCENT Act,https://www.congress.gov/118/bills/s2904/generated/BILLS-118s2904is.html,https://www.congress.gov/118/bills/s2904/BILLS-118s2904is.pdf
S. 850,https://www.congress.gov/bill/118th-congress/senate-bill/850,118,Introduced in Senate,IS,Quality Defense Act of 2023,https://www.congress.gov/118/bills/s850/generated/BILLS-118s850is.html,https://www.congress.gov/118/bills/s850/BILLS-118s850is.pdf
S. 2380,https://www.congress.gov/bill/118th-congress/senate-bill/2380,118,Introduced in Senate,IS,Farming Opportunities Training and Outreach Grant Program Reauthorization Act of 2023,https://www.congress.gov/118/bills/s2380/generated/BILLS-118s2380is.html,https://www.congress.gov/118/bills/s2380/BILLS-118s2380is.pdf
S. 3090,https://www.congress.gov/bill/118th-congress/senate-bill/3090,118,Introduced in Senate,IS,MOMMIES Act,https://www.congress.gov/118/bills/s3090/generated/BILLS-118s3090is.html,https://www.congress.gov/118/bills/s3090/BILLS-118s3090is.pdf
S. 2369,https://www.congress.gov/bill/118th-congress/senate-bill/2369,118,Introduced in Senate,IS,PREP Act of 2023,https://www.congress.gov/118/bills/s2369/generated/BILLS-118s2369is.html,https://www.congress.gov/118/bills/s2369/BILLS-118s2369is.pdf
S. 2922,https://www.congress.gov/bill/118th-congress/senate-bill/2922,118,Introduced in Senate,IS,Advancing Research for Chronic Pain Act of 2023,https://www.congress.gov/118/bills/s2922/generated/BILLS-118s2922is.html,https://www.congress.gov/118/bills/s2922/BILLS-118s2922is.pdf
S. 2245,https://www.congress.gov/bill/118th-congress/senate-bill/2245,118,Introduced in Senate,IS,Women and Lung Cancer Research and Preventive Services Act of 2023,https://www.congress.gov/118/bills/s2245/generated/BILLS-118s2245is.html,https://www.congress.gov/118/bills/s2245/BILLS-118s2245is.pdf
S. 2846,https://www.congress.gov/bill/118th-congress/senate-bill/2846,118,Introduced in Senate,IS,CARE for Moms Act,https://www.congress.gov/118/bills/s2846/generated/BILLS-118s2846is.html,https://www.congress.gov/118/bills/s2846/BILLS-118s2846is.pdf
S. 1762,https://www.congress.gov/bill/118th-congress/senate-bill/1762,118,Introduced in Senate,IS,Protecting our Students in Schools Act of 2023,https://www.congress.gov/118/bills/s1762/generated/BILLS-118s1762is.html,https://www.congress.gov/118/bills/s1762/BILLS-118s1762is.pdf
S. 38,https://www.congress.gov/bill/118th-congress/senate-bill/38,118,Reported to Senate,RS,Veteran Entrepreneurship Training Act of 2023,https://www.congress.gov/118/bills/s38/generated/BILLS-118s38rs.html,https://www.congress.gov/118/bills/s38/BILLS-118s38rs.pdf
S.Res. 126,https://www.congress.gov/bill/118th-congress/senate-resolution/126,118,Reported to Senate,RS,A resolution recognizing the vital importance of the Mekong River to Southeast Asia and the role of the Mekong-United States Partnership in supporting the prosperity of the region.,https://www.congress.gov/118/bills/sres126/generated/BILLS-118sres126rs.html,https://www.congress.gov/118/bills/sres126/BILLS-118sres126rs.pdf
S.Res. 271,https://www.congress.gov/bill/118th-congress/senate-resolution/271,118,Introduced in Senate,IS,"A resolution designating June 15, 2023, as ""World Elder Abuse Awareness Day"" and the month of June as ""Elder Abuse Awareness Month"".",https://www.congress.gov/118/bills/sres271/generated/BILLS-118sres271is.html,https://www.congress.gov/118/bills/sres271/BILLS-118sres271is.pdf
S. 2187,https://www.congress.gov/bill/118th-congress/senate-bill/2187,118,Introduced in Senate,IS,Endowment Transparency Act,https://www.congress.gov/118/bills/s2187/generated/BILLS-118s2187is.html,https://www.congress.gov/118/bills/s2187/BILLS-118s2187is.pdf
S. 2147,https://www.congress.gov/bill/118th-congress/senate-bill/2147,118,Introduced in Senate,IS,No ESG at TSP Act,https://www.congress.gov/118/bills/s2147/generated/BILLS-118s2147is.html,https://www.congress.gov/118/bills/s2147/BILLS-118s2147is.pdf
S. 2138,https://www.congress.gov/bill/118th-congress/senate-bill/2138,118,Introduced in Senate,IS,Workforce DATA Act,https://www.congress.gov/118/bills/s2138/generated/BILLS-118s2138is.html,https://www.congress.gov/118/bills/s2138/BILLS-118s2138is.pdf
S.Res. 141,https://www.congress.gov/bill/118th-congress/senate-resolution/141,118,Introduced in Senate,IS,A resolution supporting ASEAN Centrality in the Indo-Pacific Region.,https://www.congress.gov/118/bills/sres141/generated/BILLS-118sres141is.html,https://www.congress.gov/118/bills/sres141/BILLS-118sres141is.pdf
S. 3214,https://www.congress.gov/bill/118th-congress/senate-bill/3214,118,Introduced in Senate,IS,Counseling Not Criminalization in Schools Act,https://www.congress.gov/118/bills/s3214/generated/BILLS-118s3214is.html,https://www.congress.gov/118/bills/s3214/BILLS-118s3214is.pdf
S. 1318,https://www.congress.gov/bill/118th-congress/senate-bill/1318,118,Introduced in Senate,IS,Election Worker Protection Act of 2023,https://www.congress.gov/118/bills/s1318/generated/BILLS-118s1318is.html,https://www.congress.gov/118/bills/s1318/BILLS-118s1318is.pdf
S. 1072,https://www.congress.gov/bill/118th-congress/senate-bill/1072,118,Introduced in Senate,IS,PREP for All Students Act,https://www.congress.gov/118/bills/s1072/generated/BILLS-118s1072is.html,https://www.congress.gov/118/bills/s1072/BILLS-118s1072is.pdf
S. 533,https://www.congress.gov/bill/118th-congress/senate-bill/533,118,Introduced in Senate,IS,Transformation to Competitive Integrated Employment Act,https://www.congress.gov/118/bills/s533/generated/BILLS-118s533is.html,https://www.congress.gov/118/bills/s533/BILLS-118s533is.pdf
S. 719,https://www.congress.gov/bill/118th-congress/senate-bill/719,118,Introduced in Senate,IS,Precision Agriculture Loan Act of 2023,https://www.congress.gov/118/bills/s719/generated/BILLS-118s719is.html,https://www.congress.gov/118/bills/s719/BILLS-118s719is.pdf
S.Res. 147,https://www.congress.gov/bill/118th-congress/senate-resolution/147,118,Introduced in Senate,IS,"A resolution designating April 2023 as ""Preserving and Protecting Local News Month"" and recognizing the importance and significance of local news.",https://www.congress.gov/118/bills/sres147/generated/BILLS-118sres147is.html,https://www.congress.gov/118/bills/sres147/BILLS-118sres147is.pdf
S. 1801,https://www.congress.gov/bill/118th-congress/senate-bill/1801,118,Introduced in Senate,IS,LISTOS Act,https://www.congress.gov/118/bills/s1801/generated/BILLS-118s1801is.html,https://www.congress.gov/118/bills/s1801/BILLS-118s1801is.pdf
S. 3213,https://www.congress.gov/bill/118th-congress/senate-bill/3213,118,Introduced in Senate,IS,"Tech Safety for Victims of Domestic Violence, Dating Violence, Sexual Assault, and Stalking Act",https://www.congress.gov/118/bills/s3213/generated/BILLS-118s3213is.html,https://www.congress.gov/118/bills/s3213/BILLS-118s3213is.pdf
S. 1516,https://www.congress.gov/bill/118th-congress/senate-bill/1516,118,Introduced in Senate,IS,Supporting Apprenticeship Colleges Act of 2023,https://www.congress.gov/118/bills/s1516/generated/BILLS-118s1516is.html,https://www.congress.gov/118/bills/s1516/BILLS-118s1516is.pdf
S. 1376,https://www.congress.gov/bill/118th-congress/senate-bill/1376,118,Introduced in Senate,IS,Forced Arbitration Injustice Repeal Act,https://www.congress.gov/118/bills/s1376/generated/BILLS-118s1376is.html,https://www.congress.gov/118/bills/s1376/BILLS-118s1376is.pdf
S. 1058,https://www.congress.gov/bill/118th-congress/senate-bill/1058,118,Introduced in Senate,IS,Protection from Abusive Passengers Act,https://www.congress.gov/118/bills/s1058/generated/BILLS-118s1058is.html,https://www.congress.gov/118/bills/s1058/BILLS-118s1058is.pdf
S. 38,https://www.congress.gov/bill/118th-congress/senate-bill/38,118,Introduced in Senate,IS,Veteran Entrepreneurship Training Act of 2023,https://www.congress.gov/118/bills/s38/generated/BILLS-118s38is.html,https://www.congress.gov/118/bills/s38/BILLS-118s38is.pdf
S. 1651,https://www.congress.gov/bill/118th-congress/senate-bill/1651,118,Introduced in Senate,IS,Western Balkans Democracy and Prosperity Act,https://www.congress.gov/118/bills/s1651/generated/BILLS-118s1651is.html,https://www.congress.gov/118/bills/s1651/BILLS-118s1651is.pdf
S. 2445,https://www.congress.gov/bill/118th-congress/senate-bill/2445,118,Introduced in Senate,IS,Community-Based Gang Intervention Act,https://www.congress.gov/118/bills/s2445/generated/BILLS-118s2445is.html,https://www.congress.gov/118/bills/s2445/BILLS-118s2445is.pdf
S. 2441,https://www.congress.gov/bill/118th-congress/senate-bill/2441,118,Introduced in Senate,IS,Food for Thought Act of 2023,https://www.congress.gov/118/bills/s2441/generated/BILLS-118s2441is.html,https://www.congress.gov/118/bills/s2441/BILLS-118s2441is.pdf
S. 1594,https://www.congress.gov/bill/118th-congress/senate-bill/1594,118,Introduced in Senate,IS,Social Determinants for Moms Act,https://www.congress.gov/118/bills/s1594/generated/BILLS-118s1594is.html,https://www.congress.gov/118/bills/s1594/BILLS-118s1594is.pdf
S. 1282,https://www.congress.gov/bill/118th-congress/senate-bill/1282,118,Introduced in Senate,IS,Freedom to Move Act,https://www.congress.gov/118/bills/s1282/generated/BILLS-118s1282is.html,https://www.congress.gov/118/bills/s1282/BILLS-118s1282is.pdf
S.Res. 126,https://www.congress.gov/bill/118th-congress/senate-resolution/126,118,Agreed to Senate,ATS,A resolution recognizing the vital importance of the Mekong River to Southeast Asia and the role of the Mekong-United States Partnership in supporting the prosperity of the region.,https://www.congress.gov/118/bills/sres126/generated/BILLS-118sres126ats.html,https://www.congress.gov/118/bills/sres126/BILLS-118sres126ats.pdf
S.Res. 126,https://www.congress.gov/bill/118th-congress/senate-resolution/126,118,Introduced in Senate,IS,A resolution recognizing the vital importance of the Mekong River to Southeast Asia and the role of the Mekong-United States Partnership in supporting the prosperity of the region.,https://www.congress.gov/118/bills/sres126/generated/BILLS-118sres126is.html,https://www.congress.gov/118/bills/sres126/BILLS-118sres126is.pdf
S. 2838,https://www.congress.gov/bill/118th-congress/senate-bill/2838,118,Introduced in Senate,IS,Civilian Climate Corps for Jobs and Justice Act,https://www.congress.gov/118/bills/s2838/generated/BILLS-118s2838is.html,https://www.congress.gov/118/bills/s2838/BILLS-118s2838is.pdf
S. 762,https://www.congress.gov/bill/118th-congress/senate-bill/762,118,Introduced in Senate,IS,HCBS Access Act,https://www.congress.gov/118/bills/s762/generated/BILLS-118s762is.html,https://www.congress.gov/118/bills/s762/BILLS-118s762is.pdf
S. 96,https://www.congress.gov/bill/118th-congress/senate-bill/96,118,Introduced in Senate,IS,Justice for Black Farmers Act of 2023,https://www.congress.gov/118/bills/s96/generated/BILLS-118s96is.html,https://www.congress.gov/118/bills/s96/BILLS-118s96is.pdf
S. 2902,https://www.congress.gov/bill/118th-congress/senate-bill/2902,118,Introduced in Senate,IS,Tyler Clementi Higher Education Anti-Harassment Act of 2023,https://www.congress.gov/118/bills/s2902/generated/BILLS-118s2902is.html,https://www.congress.gov/118/bills/s2902/BILLS-118s2902is.pdf
S. 2560,https://www.congress.gov/bill/118th-congress/senate-bill/2560,118,Introduced in Senate,IS,Long COVID Support Act,https://www.congress.gov/118/bills/s2560/generated/BILLS-118s2560is.html,https://www.congress.gov/118/bills/s2560/BILLS-118s2560is.pdf
S. 1995,https://www.congress.gov/bill/118th-congress/senate-bill/1995,118,Introduced in Senate,IS,Public Health Infrastructure Saves Lives Act,https://www.congress.gov/118/bills/s1995/generated/BILLS-118s1995is.html,https://www.congress.gov/118/bills/s1995/BILLS-118s1995is.pdf
S. 1292,https://www.congress.gov/bill/118th-congress/senate-bill/1292,118,Introduced in Senate,IS,Flight Education Access Act,https://www.congress.gov/118/bills/s1292/generated/BILLS-118s1292is.html,https://www.congress.gov/118/bills/s1292/BILLS-118s1292is.pdf
S. 1148,https://www.congress.gov/bill/118th-congress/senate-bill/1148,118,Introduced in Senate,IS,Guardianship Bill of Rights Act,https://www.congress.gov/118/bills/s1148/generated/BILLS-118s1148is.html,https://www.congress.gov/118/bills/s1148/BILLS-118s1148is.pdf
S. 1293,https://www.congress.gov/bill/118th-congress/senate-bill/1293,118,Introduced in Senate,IS,Fair Housing for Survivors Act of 2023,https://www.congress.gov/118/bills/s1293/generated/BILLS-118s1293is.html,https://www.congress.gov/118/bills/s1293/BILLS-118s1293is.pdf
S. 767,https://www.congress.gov/bill/118th-congress/senate-bill/767,118,Introduced in Senate,IS,MINDS Act,https://www.congress.gov/118/bills/s767/generated/BILLS-118s767is.html,https://www.congress.gov/118/bills/s767/BILLS-118s767is.pdf
S. 609,https://www.congress.gov/bill/118th-congress/senate-bill/609,118,Introduced in Senate,IS,Necessary Entrepreneurship Workshops via the SBA to Transform and Assist Re-entry Training Act of 2023,https://www.congress.gov/118/bills/s609/generated/BILLS-118s609is.html,https://www.congress.gov/118/bills/s609/BILLS-118s609is.pdf
S. 495,https://www.congress.gov/bill/118th-congress/senate-bill/495,118,Introduced in Senate,IS,Expanding Veterans’ Options for Long Term Care Act,https://www.congress.gov/118/bills/s495/generated/BILLS-118s495is.html,https://www.congress.gov/118/bills/s495/BILLS-118s495is.pdf
S. 2515,https://www.congress.gov/bill/118th-congress/senate-bill/2515,118,Introduced in Senate,IS,Promotion and Expansion of Private Employee Ownership Act of 2023,https://www.congress.gov/118/bills/s2515/generated/BILLS-118s2515is.html,https://www.congress.gov/118/bills/s2515/BILLS-118s2515is.pdf
S. 2185,https://www.congress.gov/bill/118th-congress/senate-bill/2185,118,Introduced in Senate,IS,Small Business Development Centers Improvement Act of 2023,https://www.congress.gov/118/bills/s2185/generated/BILLS-118s2185is.html,https://www.congress.gov/118/bills/s2185/BILLS-118s2185is.pdf
S. 18,https://www.congress.gov/bill/118th-congress/senate-bill/18,118,Introduced in Senate,IS,Protecting Individuals with Down Syndrome Act,https://www.congress.gov/118/bills/s18/generated/BILLS-118s18is.html,https://www.congress.gov/118/bills/s18/BILLS-118s18is.pdf
S.Res. 148,https://www.congress.gov/bill/118th-congress/senate-resolution/148,118,Agreed to Senate,ATS,"A resolution recognizing the heritage, culture, and contributions of American Indian, Alaska Native, and Native Hawaiian women in the United States.",https://www.congress.gov/118/bills/sres148/generated/BILLS-118sres148ats.html,https://www.congress.gov/118/bills/sres148/BILLS-118sres148ats.pdf
S. 2722,https://www.congress.gov/bill/118th-congress/senate-bill/2722,118,Introduced in Senate,IS,Investing in Tomorrow's Workforce Act of 2023,https://www.congress.gov/118/bills/s2722/generated/BILLS-118s2722is.html,https://www.congress.gov/118/bills/s2722/BILLS-118s2722is.pdf
S. 1824,https://www.congress.gov/bill/118th-congress/senate-bill/1824,118,Introduced in Senate,IS,MASS Act,https://www.congress.gov/118/bills/s1824/generated/BILLS-118s1824is.html,https://www.congress.gov/118/bills/s1824/BILLS-118s1824is.pdf
S. 1547,https://www.congress.gov/bill/118th-congress/senate-bill/1547,118,Introduced in Senate,IS,Reach Every Mother and Child Act of 2023,https://www.congress.gov/118/bills/s1547/generated/BILLS-118s1547is.html,https://www.congress.gov/118/bills/s1547/BILLS-118s1547is.pdf
S. 928,https://www.congress.gov/bill/118th-congress/senate-bill/928,118,Introduced in Senate,IS,Not Just a Number Act,https://www.congress.gov/118/bills/s928/generated/BILLS-118s928is.html,https://www.congress.gov/118/bills/s928/BILLS-118s928is.pdf
S. 3247,https://www.congress.gov/bill/118th-congress/senate-bill/3247,118,Introduced in Senate,IS,Stop Shackling and Detaining Pregnant Women Act,https://www.congress.gov/118/bills/s3247/generated/BILLS-118s3247is.html,https://www.congress.gov/118/bills/s3247/BILLS-118s3247is.pdf
S. 2522,https://www.congress.gov/bill/118th-congress/senate-bill/2522,118,Introduced in Senate,IS,ABLE MATCH (Making Able a Tool to Combat Hardship) Act,https://www.congress.gov/118/bills/s2522/generated/BILLS-118s2522is.html,https://www.congress.gov/118/bills/s2522/BILLS-118s2522is.pdf
S. 2402,https://www.congress.gov/bill/118th-congress/senate-bill/2402,118,Introduced in Senate,IS,Gateway to Careers Act of 2023,https://www.congress.gov/118/bills/s2402/generated/BILLS-118s2402is.html,https://www.congress.gov/118/bills/s2402/BILLS-118s2402is.pdf
S. 1377,https://www.congress.gov/bill/118th-congress/senate-bill/1377,118,Introduced in Senate,IS,Visitable Inclusive Tax credits for Accessible Living (VITAL) Act,https://www.congress.gov/118/bills/s1377/generated/BILLS-118s1377is.html,https://www.congress.gov/118/bills/s1377/BILLS-118s1377is.pdf
S. 1350,https://www.congress.gov/bill/118th-congress/senate-bill/1350,118,Introduced in Senate,IS,WIPPES Act,https://www.congress.gov/118/bills/s1350/generated/BILLS-118s1350is.html,https://www.congress.gov/118/bills/s1350/BILLS-118s1350is.pdf
S. 815,https://www.congress.gov/bill/118th-congress/senate-bill/815,118,Introduced in Senate,IS,Hello Girls Congressional Gold Medal Act of 2023,https://www.congress.gov/118/bills/s815/generated/BILLS-118s815is.html,https://www.congress.gov/118/bills/s815/BILLS-118s815is.pdf
S.Con.Res. 9,https://www.congress.gov/bill/118th-congress/senate-concurrent-resolution/9,118,Introduced in Senate,IS,"A concurrent resolution expressing the sense of Congress that there is a climate emergency which demands a massive-scale mobilization to halt, reverse, and address its consequences and causes.",https://www.congress.gov/118/bills/sconres9/generated/BILLS-118sconres9is.html,https://www.congress.gov/118/bills/sconres9/BILLS-118sconres9is.pdf
S.Res. 173,https://www.congress.gov/bill/118th-congress/senate-resolution/173,118,Introduced in Senate,IS,A resolution recognizing the duty of the Federal Government to create a Green New Deal.,https://www.congress.gov/118/bills/sres173/generated/BILLS-118sres173is.html,https://www.congress.gov/118/bills/sres173/BILLS-118sres173is.pdf
S. 2701,https://www.congress.gov/bill/118th-congress/senate-bill/2701,118,Introduced in Senate,IS,Housing for All Act of 2023,https://www.congress.gov/118/bills/s2701/generated/BILLS-118s2701is.html,https://www.congress.gov/118/bills/s2701/BILLS-118s2701is.pdf
S. 1606,https://www.congress.gov/bill/118th-congress/senate-bill/1606,118,Introduced in Senate,IS,Black Maternal Health Momnibus Act,https://www.congress.gov/118/bills/s1606/generated/BILLS-118s1606is.html,https://www.congress.gov/118/bills/s1606/BILLS-118s1606is.pdf
S. 1031,https://www.congress.gov/bill/118th-congress/senate-bill/1031,118,Introduced in Senate,IS,EACH Act of 2023,https://www.congress.gov/118/bills/s1031/generated/BILLS-118s1031is.html,https://www.congress.gov/118/bills/s1031/BILLS-118s1031is.pdf
S. 59,https://www.congress.gov/bill/118th-congress/senate-bill/59,118,Introduced in Senate,IS,Chance to Compete Act of 2023,https://www.congress.gov/118/bills/s59/generated/BILLS-118s59is.html,https://www.congress.gov/118/bills/s59/BILLS-118s59is.pdf
S. 1229,https://www.congress.gov/bill/118th-congress/senate-bill/1229,118,Introduced in Senate,IS,Green New Deal for Health Act,https://www.congress.gov/118/bills/s1229/generated/BILLS-118s1229is.html,https://www.congress.gov/118/bills/s1229/BILLS-118s1229is.pdf
S. 2877,https://www.congress.gov/bill/118th-congress/senate-bill/2877,118,Introduced in Senate,IS,Earn to Learn Act,https://www.congress.gov/118/bills/s2877/generated/BILLS-118s2877is.html,https://www.congress.gov/118/bills/s2877/BILLS-118s2877is.pdf
S. 2128,https://www.congress.gov/bill/118th-congress/senate-bill/2128,118,Introduced in Senate,IS,Strengthening Medicaid for Serious Mental Illness Act,https://www.congress.gov/118/bills/s2128/generated/BILLS-118s2128is.html,https://www.congress.gov/118/bills/s2128/BILLS-118s2128is.pdf
S. 1710,https://www.congress.gov/bill/118th-congress/senate-bill/1710,118,Introduced in Senate,IS,Perinatal Workforce Act,https://www.congress.gov/118/bills/s1710/generated/BILLS-118s1710is.html,https://www.congress.gov/118/bills/s1710/BILLS-118s1710is.pdf
S. 662,https://www.congress.gov/bill/118th-congress/senate-bill/662,118,Introduced in Senate,IS,STEM RESTART Act,https://www.congress.gov/118/bills/s662/generated/BILLS-118s662is.html,https://www.congress.gov/118/bills/s662/BILLS-118s662is.pdf
S. 2188,https://www.congress.gov/bill/118th-congress/senate-bill/2188,118,Introduced in Senate,IS,PrEP Access and Coverage Act of 2023,https://www.congress.gov/118/bills/s2188/generated/BILLS-118s2188is.html,https://www.congress.gov/118/bills/s2188/BILLS-118s2188is.pdf
S. 3178,https://www.congress.gov/bill/118th-congress/senate-bill/3178,118,Introduced in Senate,IS,Immigration Court Efficiency and Children's Court Act of 2023,https://www.congress.gov/118/bills/s3178/generated/BILLS-118s3178is.html,https://www.congress.gov/118/bills/s3178/BILLS-118s3178is.pdf
S. 2239,https://www.congress.gov/bill/118th-congress/senate-bill/2239,118,Introduced in Senate,IS,Kira Johnson Act,https://www.congress.gov/118/bills/s2239/generated/BILLS-118s2239is.html,https://www.congress.gov/118/bills/s2239/BILLS-118s2239is.pdf
S. 1999,https://www.congress.gov/bill/118th-congress/senate-bill/1999,118,Introduced in Senate,IS,Right to Contraception Act,https://www.congress.gov/118/bills/s1999/generated/BILLS-118s1999is.html,https://www.congress.gov/118/bills/s1999/BILLS-118s1999is.pdf
S. 1744,https://www.congress.gov/bill/118th-congress/senate-bill/1744,118,Introduced in Senate,IS,SCORE for Small Business Act of 2023,https://www.congress.gov/118/bills/s1744/generated/BILLS-118s1744is.html,https://www.congress.gov/118/bills/s1744/BILLS-118s1744is.pdf
S. 1677,https://www.congress.gov/bill/118th-congress/senate-bill/1677,118,Introduced in Senate,IS,Democracy Restoration Act of 2023,https://www.congress.gov/118/bills/s1677/generated/BILLS-118s1677is.html,https://www.congress.gov/118/bills/s1677/BILLS-118s1677is.pdf
S. 1664,https://www.congress.gov/bill/118th-congress/senate-bill/1664,118,Introduced in Senate,IS,Healthy Families Act,https://www.congress.gov/118/bills/s1664/generated/BILLS-118s1664is.html,https://www.congress.gov/118/bills/s1664/BILLS-118s1664is.pdf
S. 1664,https://www.congress.gov/bill/118th-congress/senate-bill/1664,118,Reported to Senate,RS,Healthy Families Act,https://www.congress.gov/118/bills/s1664/generated/BILLS-118s1664rs.html,https://www.congress.gov/118/bills/s1664/BILLS-118s1664rs.pdf
S. 923,https://www.congress.gov/bill/118th-congress/senate-bill/923,118,Introduced in Senate,IS,Better Mental Health Care for Americans Act,https://www.congress.gov/118/bills/s923/generated/BILLS-118s923is.html,https://www.congress.gov/118/bills/s923/BILLS-118s923is.pdf
S. 2438,https://www.congress.gov/bill/118th-congress/senate-bill/2438,118,Reported to Senate,RS,"Department of State, Foreign Operations, and Related Programs Appropriations Act, 2024",https://www.congress.gov/118/bills/s2438/generated/BILLS-118s2438rs.html,https://www.congress.gov/118/bills/s2438/BILLS-118s2438rs.pdf
S. 2646,https://www.congress.gov/bill/118th-congress/senate-bill/2646,118,Introduced in Senate,IS,HEAL for Immigrant Families Act of 2023,https://www.congress.gov/118/bills/s2646/generated/BILLS-118s2646is.html,https://www.congress.gov/118/bills/s2646/BILLS-118s2646is.pdf
S. 2417,https://www.congress.gov/bill/118th-congress/senate-bill/2417,118,Introduced in Senate,IS,Addressing Teacher Shortages Act of 2023,https://www.congress.gov/118/bills/s2417/generated/BILLS-118s2417is.html,https://www.congress.gov/118/bills/s2417/BILLS-118s2417is.pdf
S. 1401,https://www.congress.gov/bill/118th-congress/senate-bill/1401,118,Introduced in Senate,IS,Federal Prison Oversight Act,https://www.congress.gov/118/bills/s1401/generated/BILLS-118s1401is.html,https://www.congress.gov/118/bills/s1401/BILLS-118s1401is.pdf
S. 938,https://www.congress.gov/bill/118th-congress/senate-bill/938,118,Introduced in Senate,IS,"Water Affordability, Transparency, Equity, and Reliability Act of 2023",https://www.congress.gov/118/bills/s938/generated/BILLS-118s938is.html,https://www.congress.gov/118/bills/s938/BILLS-118s938is.pdf
S. 1049,https://www.congress.gov/bill/118th-congress/senate-bill/1049,118,Introduced in Senate,IS,REAADI for Disasters Act,https://www.congress.gov/118/bills/s1049/generated/BILLS-118s1049is.html,https://www.congress.gov/118/bills/s1049/BILLS-118s1049is.pdf
S. 2221,https://www.congress.gov/bill/118th-congress/senate-bill/2221,118,Introduced in Senate,IS,Equal Dignity for Married Taxpayers Act of 2023,https://www.congress.gov/118/bills/s2221/generated/BILLS-118s2221is.html,https://www.congress.gov/118/bills/s2221/BILLS-118s2221is.pdf
S. 1502,https://www.congress.gov/bill/118th-congress/senate-bill/1502,118,Introduced in Senate,IS,Teachers LEAD Act of 2023,https://www.congress.gov/118/bills/s1502/generated/BILLS-118s1502is.html,https://www.congress.gov/118/bills/s1502/BILLS-118s1502is.pdf
S.Res. 319,https://www.congress.gov/bill/118th-congress/senate-resolution/319,118,Introduced in Senate,IS,A resolution declaring racism a public health crisis.,https://www.congress.gov/118/bills/sres319/generated/BILLS-118sres319is.html,https://www.congress.gov/118/bills/sres319/BILLS-118sres319is.pdf
S. 1251,https://www.congress.gov/bill/118th-congress/senate-bill/1251,118,Introduced in Senate,IS,First Step Implementation Act of 2023,https://www.congress.gov/118/bills/s1251/generated/BILLS-118s1251is.html,https://www.congress.gov/118/bills/s1251/BILLS-118s1251is.pdf
S. 2649,https://www.congress.gov/bill/118th-congress/senate-bill/2649,118,Introduced in Senate,IS,Making Community Care Work for Veterans Act of 2023,https://www.congress.gov/118/bills/s2649/generated/BILLS-118s2649is.html,https://www.congress.gov/118/bills/s2649/BILLS-118s2649is.pdf
S. 2645,https://www.congress.gov/bill/118th-congress/senate-bill/2645,118,Introduced in Senate,IS,Preventing HEAT Illness and Deaths Act of 2023,https://www.congress.gov/118/bills/s2645/generated/BILLS-118s2645is.html,https://www.congress.gov/118/bills/s2645/BILLS-118s2645is.pdf
S. 1785,https://www.congress.gov/bill/118th-congress/senate-bill/1785,118,Introduced in Senate,IS,Stop Fentanyl Overdoses Act of 2023,https://www.congress.gov/118/bills/s1785/generated/BILLS-118s1785is.html,https://www.congress.gov/118/bills/s1785/BILLS-118s1785is.pdf
S. 1349,https://www.congress.gov/bill/118th-congress/senate-bill/1349,118,Introduced in Senate,IS,College Transparency Act,https://www.congress.gov/118/bills/s1349/generated/BILLS-118s1349is.html,https://www.congress.gov/118/bills/s1349/BILLS-118s1349is.pdf
S. 1187,https://www.congress.gov/bill/118th-congress/senate-bill/1187,118,Introduced in Senate,IS,Fairness to Freedom Act of 2023,https://www.congress.gov/118/bills/s1187/generated/BILLS-118s1187is.html,https://www.congress.gov/118/bills/s1187/BILLS-118s1187is.pdf
S. 1298,https://www.congress.gov/bill/118th-congress/senate-bill/1298,118,Introduced in Senate,IS,Supporting Our Direct Care Workforce and Family Caregivers Act,https://www.congress.gov/118/bills/s1298/generated/BILLS-118s1298is.html,https://www.congress.gov/118/bills/s1298/BILLS-118s1298is.pdf
S. 979,https://www.congress.gov/bill/118th-congress/senate-bill/979,118,Introduced in Senate,IS,H–1B and L–1 Visa Reform Act of 2023,https://www.congress.gov/118/bills/s979/generated/BILLS-118s979is.html,https://www.congress.gov/118/bills/s979/BILLS-118s979is.pdf
S. 2184,https://www.congress.gov/bill/118th-congress/senate-bill/2184,118,Introduced in Senate,IS,Women’s Business Centers Improvement Act of 2023,https://www.congress.gov/118/bills/s2184/generated/BILLS-118s2184is.html,https://www.congress.gov/118/bills/s2184/BILLS-118s2184is.pdf
S. 2363,https://www.congress.gov/bill/118th-congress/senate-bill/2363,118,Introduced in Senate,IS,Youth Apprenticeship Advancement Act,https://www.congress.gov/118/bills/s2363/generated/BILLS-118s2363is.html,https://www.congress.gov/118/bills/s2363/BILLS-118s2363is.pdf
S. 2419,https://www.congress.gov/bill/118th-congress/senate-bill/2419,118,Introduced in Senate,IS,No Robot Bosses Act,https://www.congress.gov/118/bills/s2419/generated/BILLS-118s2419is.html,https://www.congress.gov/118/bills/s2419/BILLS-118s2419is.pdf
S. 2984,https://www.congress.gov/bill/118th-congress/senate-bill/2984,118,Introduced in Senate,IS,Websites and Software Applications Accessibility Act of 2023,https://www.congress.gov/118/bills/s2984/generated/BILLS-118s2984is.html,https://www.congress.gov/118/bills/s2984/BILLS-118s2984is.pdf
S. 2892,https://www.congress.gov/bill/118th-congress/senate-bill/2892,118,Introduced in Senate,IS,Algorithmic Accountability Act of 2023,https://www.congress.gov/118/bills/s2892/generated/BILLS-118s2892is.html,https://www.congress.gov/118/bills/s2892/BILLS-118s2892is.pdf
S. 1418,https://www.congress.gov/bill/118th-congress/senate-bill/1418,118,Introduced in Senate,IS,Children and Teens’ Online Privacy Protection Act,https://www.congress.gov/118/bills/s1418/generated/BILLS-118s1418is.html,https://www.congress.gov/118/bills/s1418/BILLS-118s1418is.pdf
S. 1908,https://www.congress.gov/bill/118th-congress/senate-bill/1908,118,Introduced in Senate,IS,Judicial Ethics and Anti-Corruption Act of 2023,https://www.congress.gov/118/bills/s1908/generated/BILLS-118s1908is.html,https://www.congress.gov/118/bills/s1908/BILLS-118s1908is.pdf
S. 1714,https://www.congress.gov/bill/118th-congress/senate-bill/1714,118,Introduced in Senate,IS,FAMILY Act,https://www.congress.gov/118/bills/s1714/generated/BILLS-118s1714is.html,https://www.congress.gov/118/bills/s1714/BILLS-118s1714is.pdf
S. 2988,https://www.congress.gov/bill/118th-congress/senate-bill/2988,118,Introduced in Senate,IS,Green New Deal for Public Schools Act of 2023,https://www.congress.gov/118/bills/s2988/generated/BILLS-118s2988is.html,https://www.congress.gov/118/bills/s2988/BILLS-118s2988is.pdf
S. 779,https://www.congress.gov/bill/118th-congress/senate-bill/779,118,Introduced in Senate,IS,ACTION for National Service Act,https://www.congress.gov/118/bills/s779/generated/BILLS-118s779is.html,https://www.congress.gov/118/bills/s779/BILLS-118s779is.pdf
S. 2785,https://www.congress.gov/bill/118th-congress/senate-bill/2785,118,Introduced in Senate,IS,Higher Wages for American Workers Act of 2023,https://www.congress.gov/118/bills/s2785/generated/BILLS-118s2785is.html,https://www.congress.gov/118/bills/s2785/BILLS-118s2785is.pdf
S. 2494,https://www.congress.gov/bill/118th-congress/senate-bill/2494,118,Introduced in Senate,IS,"Communications, Video, and Technology Accessibility Act of 2023",https://www.congress.gov/118/bills/s2494/generated/BILLS-118s2494is.html,https://www.congress.gov/118/bills/s2494/BILLS-118s2494is.pdf
S. 2043,https://www.congress.gov/bill/118th-congress/senate-bill/2043,118,Reported to Senate,RS,Department of State Authorization Act of 2023,https://www.congress.gov/118/bills/s2043/generated/BILLS-118s2043rs.html,https://www.congress.gov/118/bills/s2043/BILLS-118s2043rs.pdf
S. 2597,https://www.congress.gov/bill/118th-congress/senate-bill/2597,118,Introduced in Senate,IS,Digital Consumer Protection Commission Act of 2023,https://www.congress.gov/118/bills/s2597/generated/BILLS-118s2597is.html,https://www.congress.gov/118/bills/s2597/BILLS-118s2597is.pdf
S. 3128,https://www.congress.gov/bill/118th-congress/senate-bill/3128,118,Introduced in Senate,IS,Protecting Unaccompanied Children Act,https://www.congress.gov/118/bills/s3128/generated/BILLS-118s3128is.html,https://www.congress.gov/118/bills/s3128/BILLS-118s3128is.pdf
S. 1972,https://www.congress.gov/bill/118th-congress/senate-bill/1972,118,Introduced in Senate,IS,Lowering Education Costs and Debt Act,https://www.congress.gov/118/bills/s1972/generated/BILLS-118s1972is.html,https://www.congress.gov/118/bills/s1972/BILLS-118s1972is.pdf
S. 2122,https://www.congress.gov/bill/118th-congress/senate-bill/2122,118,Introduced in Senate,IS,National Apprenticeship Act of 2023,https://www.congress.gov/118/bills/s2122/generated/BILLS-118s2122is.html,https://www.congress.gov/118/bills/s2122/BILLS-118s2122is.pdf
S. 1341,https://www.congress.gov/bill/118th-congress/senate-bill/1341,118,Introduced in Senate,IS,EDUCATORS for America Act,https://www.congress.gov/118/bills/s1341/generated/BILLS-118s1341is.html,https://www.congress.gov/118/bills/s1341/BILLS-118s1341is.pdf
S. 2693,https://www.congress.gov/bill/118th-congress/senate-bill/2693,118,Introduced in Senate,IS,Family Violence Prevention and Services Improvement Act of 2023,https://www.congress.gov/118/bills/s2693/generated/BILLS-118s2693is.html,https://www.congress.gov/118/bills/s2693/BILLS-118s2693is.pdf
S. 2824,https://www.congress.gov/bill/118th-congress/senate-bill/2824,118,Introduced in Senate,IS,Secure the Border Act of 2023,https://www.congress.gov/118/bills/s2824/generated/BILLS-118s2824is.html,https://www.congress.gov/118/bills/s2824/BILLS-118s2824is.pdf
S. 1354,https://www.congress.gov/bill/118th-congress/senate-bill/1354,118,Introduced in Senate,IS,Child Care for Working Families Act,https://www.congress.gov/118/bills/s1354/generated/BILLS-118s1354is.html,https://www.congress.gov/118/bills/s1354/BILLS-118s1354is.pdf
S. 1016,https://www.congress.gov/bill/118th-congress/senate-bill/1016,118,Introduced in Senate,IS,Agriculture Resilience Act of 2023,https://www.congress.gov/118/bills/s1016/generated/BILLS-118s1016is.html,https://www.congress.gov/118/bills/s1016/BILLS-118s1016is.pdf
S. 2344,https://www.congress.gov/bill/118th-congress/senate-bill/2344,118,Introduced in Senate,IS,Freedom to Vote Act,https://www.congress.gov/118/bills/s2344/generated/BILLS-118s2344is.html,https://www.congress.gov/118/bills/s2344/BILLS-118s2344is.pdf
S. 1,https://www.congress.gov/bill/118th-congress/senate-bill/1,118,Introduced in Senate,IS,Freedom to Vote Act,https://www.congress.gov/118/bills/s1/generated/BILLS-118s1is.html,https://www.congress.gov/118/bills/s1/BILLS-118s1is.pdf
S. 2226,https://www.congress.gov/bill/118th-congress/senate-bill/2226,118,Reported to Senate,RS,National Defense Authorization Act for Fiscal Year 2024,https://www.congress.gov/118/bills/s2226/generated/BILLS-118s2226rs.html,https://www.congress.gov/118/bills/s2226/BILLS-118s2226rs.pdf
S. 680,https://www.congress.gov/bill/118th-congress/senate-bill/680,118,Introduced in Senate,IS,DASH Act,https://www.congress.gov/118/bills/s680/generated/BILLS-118s680is.html,https://www.congress.gov/118/bills/s680/BILLS-118s680is.pdf
S. 2226,https://www.congress.gov/bill/118th-congress/senate-bill/2226,118,Engrossed in Senate,ES,National Defense Authorization Act for Fiscal Year 2024,https://www.congress.gov/118/bills/s2226/generated/BILLS-118s2226es.html,https://www.congress.gov/118/bills/s2226/BILLS-118s2226es.pdf
S. 2226,https://www.congress.gov/bill/118th-congress/senate-bill/2226,118,Printed as Passed,PAP,National Defense Authorization Act for Fiscal Year 2024,https://www.congress.gov/118/bills/s2226/generated/BILLS-118s2226pap.html,https://www.congress.gov/118/bills/s2226/BILLS-118s2226pap.pdf